Method,chair_PSNR,chair_SSIM,chair_L1,drums_PSNR,drums_SSIM,drums_L1,ficus_PSNR,ficus_SSIM,ficus_L1,hotdog_PSNR,hotdog_SSIM,hotdog_L1,lego_PSNR,lego_SSIM,lego_L1,materials_PSNR,materials_SSIM,materials_L1,mic_PSNR,mic_SSIM,mic_L1,ship_PSNR,ship_SSIM,ship_L1,Avg_PSNR,Avg_SSIM,Avg_L1
baseline,34.97,0.9861,0.004745,26.28,0.9507,0.013121,35.88,0.9867,0.004237,37.76,0.9854,0.003601,34.89,0.9794,0.005722,29.71,0.9562,0.008876,-,-,-,30.60,0.8890,0.012313,32.87,0.9619,0.007516
cat0,35.31,0.9871,0.004693,26.18,0.9500,0.013172,35.67,0.9858,0.004369,37.70,0.9851,0.003609,34.89,0.9786,0.005784,29.81,0.9553,0.008653,18.18,0.8669,0.037296,30.57,0.8884,0.012369,31.04,0.9497,0.011243
cat1,35.50,0.9872,0.004493,26.23,0.9507,0.012976,35.33,0.9849,0.004575,37.67,0.9854,0.003621,34.87,0.9790,0.005749,30.01,0.9567,0.008485,36.13,0.9913,0.002973,30.54,0.8889,0.012469,33.29,0.9655,0.006918
cat2,35.43,0.9873,0.004520,26.17,0.9504,0.013148,35.87,0.9855,0.004196,37.70,0.9853,0.003622,35.09,0.9792,0.005331,29.84,0.9553,0.008768,36.03,0.9910,0.003034,30.60,0.8898,0.012433,33.34,0.9655,0.006882
cat3,35.49,0.9873,0.004485,26.18,0.9505,0.013134,35.89,0.9856,0.004252,37.64,0.9856,0.003657,34.98,0.9791,0.005474,29.70,0.9543,0.008880,18.19,0.8669,0.037293,31.00,0.8950,0.011657,31.13,0.9505,0.011104
cat4,35.41,0.9873,0.004561,26.26,0.9516,0.012958,36.12,0.9863,0.004107,37.70,0.9858,0.003653,35.09,0.9794,0.005422,29.45,0.9543,0.009050,18.19,0.8669,0.037295,31.14,0.8997,0.011384,31.17,0.9514,0.011054
cat5,35.58,0.9875,0.004451,26.37,0.9535,0.012668,36.10,0.9870,0.004150,37.58,0.9858,0.003811,35.20,0.9799,0.005359,29.74,0.9572,0.008633,18.18,0.8669,0.037296,30.72,0.9013,0.011832,31.18,0.9524,0.011025
cat6,35.07,0.9845,0.005007,26.49,0.9551,0.012622,35.83,0.9866,0.004345,37.33,0.9837,0.003868,35.47,0.9807,0.005228,30.34,0.9619,0.008231,18.18,0.8669,0.037297,30.79,0.9028,0.011423,31.19,0.9528,0.011003
