Method,chair_PSNR,chair_SSIM,chair_L1,Avg_PSNR,Avg_SSIM,Avg_L1
baseline,35.30,0.9873,0.004520,35.30,0.9873,0.004520
cat0,35.26,0.9872,0.004588,35.26,0.9872,0.004588
cat1,35.52,0.9875,0.004507,35.52,0.9875,0.004507
cat2,35.49,0.9874,0.004415,35.49,0.9874,0.004415
cat3,35.57,0.9874,0.004433,35.57,0.9874,0.004433
cat4,35.41,0.9874,0.004573,35.41,0.9874,0.004573
cat5,35.58,0.9876,0.004443,35.58,0.9876,0.004443
cat6,35.04,0.9862,0.004921,35.04,0.9862,0.004921
