Method,chair_PSNR,chair_SSIM,chair_L1,drums_PSNR,drums_SSIM,drums_L1,ficus_PSNR,ficus_SSIM,ficus_L1,hotdog_PSNR,hotdog_SSIM,hotdog_L1,lego_PSNR,lego_SSIM,lego_L1,materials_PSNR,materials_SSIM,materials_L1,mic_PSNR,mic_SSIM,mic_L1,ship_PSNR,ship_SSIM,ship_L1,Avg_PSNR,Avg_SSIM,Avg_L1
baseline,35.26,0.9872,0.004611,26.16,0.9499,0.013283,35.27,0.9874,0.004713,37.75,0.9859,0.003593,35.22,0.9799,0.005349,29.46,0.9545,0.009229,-,-,-,31.18,0.8978,0.011573,32.90,0.9632,0.007479
cat0,34.98,0.9872,0.004809,26.19,0.9500,0.013194,35.84,0.9877,0.004361,37.72,0.9858,0.003615,35.24,0.9799,0.005319,29.56,0.9551,0.008948,36.38,0.9920,0.002902,31.05,0.8963,0.011738,33.37,0.9667,0.006861
cat1,35.51,0.9875,0.004460,26.07,0.9491,0.013255,35.70,0.9874,0.004416,37.85,0.9855,0.003611,35.36,0.9800,0.005211,29.46,0.9529,0.009078,36.59,0.9920,0.002835,31.12,0.8950,0.011696,33.46,0.9662,0.006820
cat2,35.57,0.9875,0.004408,26.15,0.9498,0.013079,35.69,0.9871,0.004434,37.92,0.9857,0.003518,35.48,0.9800,0.005151,29.37,0.9517,0.009458,36.56,0.9920,0.002817,31.21,0.8969,0.011473,33.49,0.9663,0.006792
cat3,35.56,0.9875,0.004441,26.14,0.9495,0.013135,36.07,0.9874,0.004222,37.91,0.9857,0.003585,35.51,0.9802,0.005107,29.33,0.9514,0.009390,36.54,0.9919,0.002830,31.13,0.8987,0.011788,33.52,0.9665,0.006812
cat4,35.66,0.9875,0.004364,26.22,0.9505,0.012919,35.67,0.9872,0.004481,37.87,0.9861,0.003606,35.41,0.9800,0.005280,29.33,0.9510,0.009449,36.51,0.9919,0.002865,31.30,0.9021,0.011283,33.50,0.9670,0.006781
cat5,35.50,0.9876,0.004500,26.32,0.9524,0.012951,36.22,0.9878,0.004120,37.92,0.9864,0.003594,35.29,0.9800,0.005247,29.14,0.9535,0.009861,36.41,0.9920,0.002895,31.18,0.9054,0.011829,33.50,0.9681,0.006875
cat6,35.06,0.9861,0.004864,26.33,0.9537,0.012966,35.97,0.9874,0.004291,37.71,0.9845,0.003798,35.21,0.9790,0.005380,29.78,0.9569,0.009130,36.12,0.9920,0.002923,31.17,0.9064,0.011592,33.42,0.9682,0.006868
