Method,chair_PSNR,chair_SSIM,chair_L1,drums_PSNR,drums_SSIM,drums_L1,ficus_PSNR,ficus_SSIM,ficus_L1,hotdog_PSNR,hotdog_SSIM,hotdog_L1,lego_PSNR,lego_SSIM,lego_L1,materials_PSNR,materials_SSIM,materials_L1,mic_PSNR,mic_SSIM,mic_L1,ship_PSNR,ship_SSIM,ship_L1,Avg_PSNR,Avg_SSIM,Avg_L1
baseline,35.27,0.9870,0.004558,26.28,0.9514,0.013010,17.09,0.8371,0.046954,37.70,0.9856,0.003810,35.15,0.9801,0.005569,29.89,0.9571,0.008590,-,-,-,30.42,0.8884,0.012531,30.26,0.9410,0.013575
cat0,35.11,0.9869,0.004695,26.29,0.9515,0.012979,17.09,0.8371,0.046959,37.88,0.9859,0.003510,35.44,0.9804,0.005321,14.41,0.7208,0.081553,18.18,0.8669,0.037297,30.57,0.8886,0.012413,26.87,0.9023,0.025591
cat1,35.66,0.9877,0.004401,26.18,0.9508,0.013028,35.40,0.9850,0.004555,37.77,0.9859,0.003669,35.35,0.9802,0.005170,29.95,0.9576,0.008609,18.19,0.8669,0.037296,30.71,0.8898,0.012062,31.15,0.9505,0.011099
cat2,35.45,0.9876,0.004604,26.21,0.9508,0.012951,35.78,0.9852,0.004266,37.89,0.9857,0.003533,35.24,0.9800,0.005308,30.03,0.9564,0.008579,18.18,0.8669,0.037296,30.77,0.8917,0.011979,31.19,0.9505,0.011064
cat3,35.56,0.9877,0.004528,26.25,0.9514,0.012964,17.09,0.8371,0.046958,37.86,0.9860,0.003564,35.29,0.9803,0.005206,29.85,0.9558,0.008584,18.18,0.8669,0.037296,30.97,0.8956,0.011683,28.88,0.9326,0.016348
cat4,35.65,0.9879,0.004415,26.43,0.9525,0.012737,17.09,0.8371,0.046959,37.97,0.9863,0.003521,35.57,0.9806,0.005093,29.22,0.9517,0.009394,18.18,0.8669,0.037296,30.95,0.9000,0.011699,28.88,0.9329,0.016389
cat5,35.67,0.9880,0.004504,12.61,0.7404,0.097853,17.09,0.8371,0.046960,37.71,0.9864,0.003719,35.70,0.9815,0.005053,14.41,0.7207,0.081558,18.18,0.8669,0.037297,31.22,0.9062,0.011255,25.32,0.8784,0.036025
cat6,10.96,0.7794,0.122975,12.61,0.7404,0.097855,17.09,0.8371,0.046961,37.96,0.9857,0.003557,35.58,0.9822,0.005131,14.41,0.7207,0.081569,18.18,0.8669,0.037297,30.75,0.9030,0.011635,22.19,0.8519,0.050872
